,AOU,n_rutas,first_year,last_year,timeseries length,English_Common_Name,French_Common_Name,Order,Family,Genus,Species
571,6170,20447,1991,2023,32,Northern Rough-winged Swallow,Hirondelle à ailes hérissées,Passeriformes,Hirundinidae,Stelgidopteryx,serripennis
235,3100,17018,1995,2023,28,Wild Turkey,Dindon sauvage,Galliformes,Phasianidae,Meleagris,gallopavo
680,7280,16424,1987,2023,36,Red-breasted Nuthatch,Sittelle à poitrine rousse,Passeriformes,Sittidae,Sitta,canadensis
562,6100,16132,1994,2023,29,Summer Tanager,Piranga vermillon,Passeriformes,Cardinalidae,Piranga,rubra
337,4060,15322,1995,2023,28,Red-headed Woodpecker,Pic à tête rouge,Piciformes,Picidae,Melanerpes,erythrocephalus
732,22860,14951,1997,2023,26,Eurasian Collared-Dove,Tourterelle turque,Columbiformes,Columbidae,Streptopelia,decaocto
407,4660,13360,1991,2023,32,Willow Flycatcher,Moucherolle des saules,Passeriformes,Tyrannidae,Empidonax,traillii
535,5830,9401,1982,2023,41,Lincoln's Sparrow,Bruant de Lincoln,Passeriformes,Passerellidae,Melospiza,lincolnii
536,5840,9304,1987,2023,36,Swamp Sparrow,Bruant des marais,Passeriformes,Passerellidae,Melospiza,georgiana
396,4570,8747,1995,2023,28,Say's Phoebe,Moucherolle à ventre roux,Passeriformes,Tyrannidae,Sayornis,saya
269,3420,8469,1990,2023,33,Swainson's Hawk,Buse de Swainson,Accipitriformes,Accipitridae,Buteo,swainsoni
258,3310,8439,1982,2023,41,Northern Harrier,Busard des marais,Accipitriformes,Accipitridae,Circus,hudsonius
725,7680,7921,1991,2023,32,Mountain Bluebird,Merlebleu azuré,Passeriformes,Turdidae,Sialia,currucoides
147,2060,7908,1991,2023,32,Sandhill Crane,Grue du Canada,Gruiformes,Gruidae,Antigone,canadensis
668,7150,7830,1994,2023,29,Rock Wren,Troglodyte des rochers,Passeriformes,Troglodytidae,Salpinctes,obsoletus
299,3750,7551,1983,2023,40,Great Horned Owl,Grand-duc d'Amérique,Strigiformes,Strigidae,Bubo,virginianus
515,5620,7395,1991,2023,32,Brewer's Sparrow,Bruant de Brewer,Passeriformes,Passerellidae,Spizella,breweri
697,7380,7113,1991,2023,32,Mountain Chickadee,Mésange de Gambel,Passeriformes,Paridae,Poecile,gambeli
678,7260,6785,1995,2023,28,Brown Creeper,Grimpereau brun,Passeriformes,Certhiidae,Certhia,americana
621,6630,6602,1995,2023,28,Yellow-throated Warbler,Paruline à gorge jaune,Passeriformes,Parulidae,Setophaga,dominica
675,7222,6531,1994,2023,29,Winter Wren,Troglodyte des forêts,Passeriformes,Troglodytidae,Troglodytes,hiemalis
414,4690,6490,1991,2023,32,Dusky Flycatcher,Moucherolle sombre,Passeriformes,Tyrannidae,Empidonax,oberholseri
537,5850,6469,1982,2023,41,Fox Sparrow,Bruant fauve,Passeriformes,Passerellidae,Passerella,iliaca
39,540,6314,1991,2023,32,Ring-billed Gull,Goéland à bec cerclé,Charadriiformes,Laridae,Larus,delawarensis
278,3520,6105,1991,2023,32,Bald Eagle,Pygargue à tête blanche,Accipitriformes,Accipitridae,Haliaeetus,leucocephalus
412,4680,5997,1991,2023,32,Hammond's Flycatcher,Moucherolle de Hammond,Passeriformes,Tyrannidae,Empidonax,hammondii
290,3680,5924,1996,2023,27,Barred Owl,Chouette rayée,Strigiformes,Strigidae,Strix,varia
594,6370,5727,1995,2023,28,Prothonotary Warbler,Paruline orangée,Passeriformes,Parulidae,Protonotaria,citrea
478,5210,5457,1991,2023,32,Red Crossbill,Bec-croisé des sapins,Passeriformes,Fringillidae,Loxia,curvirostra
681,7290,5395,1994,2023,29,Brown-headed Nuthatch,Sittelle à tête brune,Passeriformes,Sittidae,Sitta,pusilla
611,6540,5384,1994,2023,29,Black-throated Blue Warbler,Paruline bleue,Passeriformes,Parulidae,Setophaga,caerulescens
159,2210,5336,1991,2023,32,American Coot,Foulque d'Amérique,Gruiformes,Rallidae,Fulica,americana
66,1200,5227,1987,2023,36,Double-crested Cormorant,Cormoran à aigrettes,Suliformes,Phalacrocoracidae,Nannopterum,auritum
542,5900,5153,1996,2023,27,Green-tailed Towhee,Tohi à queue verte,Passeriformes,Passerellidae,Pipilo,chlorurus
525,5730,4966,1995,2023,28,Black-throated Sparrow,Bruant à gorge noire,Passeriformes,Passerellidae,Amphispiza,bilineata
596,6390,4496,1995,2023,28,Worm-eating Warbler,Paruline vermivore,Passeriformes,Parulidae,Helmitheros,vermivorum
656,7020,4496,1991,2023,32,Sage Thrasher,Moqueur des armoises,Passeriformes,Mimidae,Oreoscoptes,montanus
469,5120,4404,1996,2023,27,Great-tailed Grackle,Quiscale à longue queue,Passeriformes,Icteridae,Quiscalus,mexicanus
711,7540,4324,1991,2023,32,Townsend's Solitaire,Solitaire de Townsend,Passeriformes,Turdidae,Myadestes,townsendi
676,7240,4283,1991,2023,32,Sedge Wren,Troglodyte à bec court,Passeriformes,Troglodytidae,Cistothorus,stellaris
140,2000,4240,1996,2023,27,Little Blue Heron,Aigrette bleue,Pelecaniformes,Ardeidae,Egretta,caerulea
677,7250,4128,1993,2023,30,Marsh Wren,Troglodyte des marais,Passeriformes,Troglodytidae,Cistothorus,palustris
475,5180,4009,1995,2023,28,Cassin's Finch,Roselin de Cassin,Passeriformes,Fringillidae,Haemorhous,cassinii
90,1420,3975,1982,2023,41,Northern Shoveler,Canard souchet,Anseriformes,Anatidae,Spatula,clypeata
591,6330,3934,1996,2023,27,Bell's Vireo,Viréo de Bell,Passeriformes,Vireonidae,Vireo,bellii
224,3000,3927,1993,2023,30,Ruffed Grouse,Gélinotte huppée,Galliformes,Phasianidae,Bonasa,umbellus
558,6050,3912,1991,2023,32,Lark Bunting,Bruant noir et blanc,Passeriformes,Passerellidae,Calamospiza,melanocorys
626,6680,3841,1991,2023,32,Townsend's Warbler,Paruline de Townsend,Passeriformes,Parulidae,Setophaga,townsendi
195,2640,3777,1990,2023,33,Long-billed Curlew,Courlis à long bec,Charadriiformes,Scolopacidae,Numenius,americanus
245,3190,3724,1996,2023,27,White-winged Dove,Tourterelle à ailes blanches,Columbiformes,Columbidae,Zenaida,asiatica
597,6410,3692,1995,2023,28,Blue-winged Warbler,Paruline à ailes bleues,Passeriformes,Parulidae,Vermivora,cyanoptera
332,4021,3611,1991,2023,32,Red-naped Sapsucker,Pic à nuque rouge,Piciformes,Picidae,Sphyrapicus,nuchalis
86,1370,3606,1982,2023,41,American Wigeon,Canard d'Amérique,Anseriformes,Anatidae,Mareca,americana
246,3200,3530,1996,2023,27,Common Ground Dove,Colombe à queue noire,Columbiformes,Columbidae,Columbina,passerina
76,1290,3481,1990,2023,33,Common Merganser,Grand Harle,Anseriformes,Anatidae,Mergus,merganser
325,3960,3391,1996,2023,27,Ladder-backed Woodpecker,Pic arlequin,Piciformes,Picidae,Dryobates,scalaris
256,3290,3261,1996,2023,27,Mississippi Kite,Milan du Mississippi,Accipitriformes,Accipitridae,Ictinia,mississippiensis
368,4320,3242,1997,2023,26,Broad-tailed Hummingbird,Colibri à queue large,Apodiformes,Trochilidae,Selasphorus,platycercus
440,4910,3239,1995,2023,28,Clark's Nutcracker,Cassenoix d'Amérique,Passeriformes,Corvidae,Nucifraga,columbiana
87,1390,3234,1987,2023,36,Green-winged Teal,Sarcelle d'hiver,Anseriformes,Anatidae,Anas,crecca
645,6860,3213,1994,2023,29,Canada Warbler,Paruline du Canada,Passeriformes,Parulidae,Cardellina,canadensis
312,3850,3158,1996,2023,27,Greater Roadrunner,Grand Géocoucou,Cuculiformes,Cuculidae,Geococcyx,californianus
97,1490,2948,1993,2023,30,Lesser Scaup,Petit Fuligule,Anseriformes,Anatidae,Aythya,affinis
667,7130,2929,1996,2023,27,Cactus Wren,Troglodyte des cactus,Passeriformes,Troglodytidae,Campylorhynchus,brunneicapillus
36,510,2898,1987,2023,36,Herring Gull,Goéland argenté,Charadriiformes,Laridae,Larus,argentatus
126,1840,2892,1995,2023,28,White Ibis,Ibis blanc,Pelecaniformes,Threskiornithidae,Eudocimus,albus
585,6292,2869,1997,2023,26,Plumbeous Vireo,Viréo plombé,Passeriformes,Vireonidae,Vireo,plumbeus
277,3490,2839,1991,2023,32,Golden Eagle,Aigle royal,Accipitriformes,Accipitridae,Aquila,chrysaetos
480,5220,2699,1996,2023,27,White-winged Crossbill,Bec-croisé bifascié,Passeriformes,Fringillidae,Loxia,leucoptera
334,4030,2679,1996,2023,27,Red-breasted Sapsucker,Pic à poitrine rouge,Piciformes,Picidae,Sphyrapicus,ruber
183,2490,2667,1982,2023,41,Marbled Godwit,Barge marbrée,Charadriiformes,Scolopacidae,Limosa,fedoa
302,3780,2648,1996,2023,27,Burrowing Owl,Chevêche des terriers,Strigiformes,Strigidae,Athene,cunicularia
388,4480,2556,1996,2023,27,Cassin's Kingbird,Tyran de Cassin,Passeriformes,Tyrannidae,Tyrannus,vociferans
428,4813,2540,1995,2023,28,Woodhouse's Scrub-Jay,Geai de Woodhouse,Passeriformes,Corvidae,Aphelocoma,woodhouseii
403,4640,2534,1996,2023,27,(Cordilleran Flycatcher) Western Flycatcher,Moucherolle obscur (groupe occidentalis),Passeriformes,Tyrannidae,Empidonax,difficilis occidentalis
364,4290,2492,1996,2023,27,Black-chinned Hummingbird,Colibri à gorge noire,Apodiformes,Trochilidae,Archilochus,alexandri
415,4691,2475,1995,2023,28,Gray Flycatcher,Moucherolle gris,Passeriformes,Tyrannidae,Empidonax,wrightii
162,2240,2456,1990,2023,33,Wilson's Phalarope,Phalarope de Wilson,Charadriiformes,Scolopacidae,Phalaropus,tricolor
113,1670,2392,1993,2023,30,Ruddy Duck,Érismature rousse,Anseriformes,Anatidae,Oxyura,jamaicensis
276,3480,2372,1996,2023,27,Ferruginous Hawk,Buse rouilleuse,Accipitriformes,Accipitridae,Buteo,regalis
703,7460,2370,1996,2023,27,Verdin,Auripare verdin,Passeriformes,Remizidae,Auriparus,flaviceps
526,5738,2331,1991,2023,32,Sagebrush Sparrow,Bruant des armoises,Passeriformes,Passerellidae,Artemisiospiza,nevadensis
619,6610,2302,1987,2023,36,Blackpoll Warbler,Paruline rayée,Passeriformes,Parulidae,Setophaga,striata
523,5690,2301,1997,2023,26,(Gray-headed Junco) Dark-eyed Junco,Junco ardoisé (à tête grise),Passeriformes,Passerellidae,Junco,hyemalis caniceps
662,7070,2300,1996,2023,27,Curve-billed Thrasher,Moqueur à bec courbe,Passeriformes,Mimidae,Toxostoma,curvirostre
441,4920,2267,1995,2023,28,Pinyon Jay,Geai des pinèdes,Passeriformes,Corvidae,Gymnorhinus,cyanocephalus
459,5040,2203,1996,2023,27,Scott's Oriole,Oriole jaune-verdâtre,Passeriformes,Icteridae,Icterus,parisorum
488,5280,2198,1982,2023,41,Common Redpoll,Sizerin flammé,Passeriformes,Fringillidae,Acanthis,flammea
218,2950,2166,1996,2023,27,Gambel's Quail,Colin de Gambel,Galliformes,Odontophoridae,Callipepla,gambelii
93,1460,2110,1994,2023,29,Redhead,Fuligule à tête rouge,Anseriformes,Anatidae,Aythya,americana
216,2930,2091,1996,2023,27,Scaled Quail,Colin écaillé,Galliformes,Odontophoridae,Callipepla,squamata
98,1500,2047,1993,2023,30,Ring-necked Duck,Fuligule à collier,Anseriformes,Anatidae,Aythya,collaris
163,2250,2041,1990,2023,33,American Avocet,Avocette d'Amérique,Charadriiformes,Recurvirostridae,Recurvirostra,americana
360,4250,2013,1995,2023,28,White-throated Swift,Martinet à gorge blanche,Apodiformes,Apodidae,Aeronautes,saxatalis
682,7300,2000,1995,2023,28,Pygmy Nuthatch,Sittelle pygmée,Passeriformes,Sittidae,Sitta,pygmaea
89,1410,1986,1995,2023,28,Cinnamon Teal,Sarcelle cannelle,Anseriformes,Anatidae,Spatula,cyanoptera
44,590,1980,1982,2023,41,Franklin's Gull,Mouette de Franklin,Charadriiformes,Laridae,Leucophaeus,pipixcan
367,4310,1963,1991,2023,32,Anna's Hummingbird,Colibri d'Anna,Apodiformes,Trochilidae,Calypte,anna
595,6380,1942,1995,2023,28,Swainson's Warbler,Paruline de Swainson,Passeriformes,Parulidae,Limnothlypis,swainsonii
37,530,1927,1990,2023,33,California Gull,Goéland de Californie,Charadriiformes,Laridae,Larus,californicus
543,5910,1887,1997,2023,26,Canyon Towhee,Tohi des canyons,Passeriformes,Passerellidae,Melozone,fusca
669,7170,1885,1994,2023,29,Canyon Wren,Troglodyte des canyons,Passeriformes,Troglodytidae,Catherpes,mexicanus
248,3210,1838,1996,2023,27,Inca Dove,Colombe inca,Columbiformes,Columbidae,Columbina,inca
259,3320,1825,1991,2023,32,Sharp-shinned Hawk,Épervier brun,Accipitriformes,Accipitridae,Accipiter,striatus
629,6690,1814,1995,2023,28,Hermit Warbler,Paruline à tête jaune,Passeriformes,Parulidae,Setophaga,occidentalis
282,3570,1811,1993,2023,30,Merlin,Faucon émerillon,Falconiformes,Falconidae,Falco,columbarius
473,5150,1761,1991,2023,32,Pine Grosbeak,Durbec des sapins,Passeriformes,Fringillidae,Pinicola,enucleator
616,6580,1739,1996,2023,27,Cerulean Warbler,Paruline azurée,Passeriformes,Parulidae,Setophaga,cerulea
580,6260,1734,1993,2023,30,Philadelphia Vireo,Viréo de Philadelphie,Passeriformes,Vireonidae,Vireo,philadelphicus
187,2550,1712,1982,2023,41,Lesser Yellowlegs,Petit Chevalier,Charadriiformes,Scolopacidae,Tringa,flavipes
548,5940,1696,1996,2023,27,Pyrrhuloxia,Cardinal pyrrhuloxia,Passeriformes,Cardinalidae,Cardinalis,sinuatus
356,4210,1680,1996,2023,27,Lesser Nighthawk,Engoulevent minime,Caprimulgiformes,Caprimulgidae,Chordeiles,acutipennis
714,7570,1674,1983,2023,40,Gray-cheeked Thrush,Grive à joues grises,Passeriformes,Turdidae,Catharus,minimus
575,6200,1621,1996,2023,27,Phainopepla,Phénopèple luisant,Passeriformes,Ptiliogonatidae,Phainopepla,nitens
434,4870,1594,1996,2023,27,Chihuahuan Raven,Corbeau à cou blanc,Passeriformes,Corvidae,Corvus,cryptoleucus
280,3550,1587,1992,2023,31,Prairie Falcon,Faucon des prairies,Falconiformes,Falconidae,Falco,mexicanus
64,1180,1584,1997,2023,26,Anhinga,Anhinga d'Amérique,Suliformes,Anhingidae,Anhinga,anhinga
602,6440,1575,1997,2023,26,Virginia's Warbler,Paruline de Virginia,Passeriformes,Parulidae,Leiothlypis,virginiae
608,6500,1544,1996,2023,27,Cape May Warbler,Paruline tigrée,Passeriformes,Parulidae,Setophaga,tigrina
533,5800,1543,1996,2023,27,Rufous-crowned Sparrow,Tohi à calotte fauve,Passeriformes,Passerellidae,Aimophila,ruficeps
687,7331,1526,1997,2023,26,Juniper Titmouse,Mésange des genévriers,Passeriformes,Paridae,Baeolophus,ridgwayi
102,1530,1493,1993,2023,30,Bufflehead,Petit Garrot,Anseriformes,Anatidae,Bucephala,albeola
40,550,1471,1995,2023,28,Short-billed Gull,Goéland à bec court,Charadriiformes,Laridae,Larus,brachyrhynchus
436,4881,1459,1996,2023,27,unid. American Crow / Fish Crow,unid Corneille d'Amérique / Corneille de rivage,Passeriformes,Corvidae,Corvus,brachyrhynchos / ossifragus
212,2881,1433,1982,2023,41,Gray Partridge,Perdrix grise,Galliformes,Phasianidae,Perdix,perdix
654,7000,1412,1982,2023,41,Sprague's Pipit,Pipit de Sprague,Passeriformes,Motacillidae,Anthus,spragueii
496,5380,1410,1990,2023,33,Chestnut-collared Longspur,Plectrophane à ventre noir,Passeriformes,Calcariidae,Calcarius,ornatus
708,7520,1348,1996,2023,27,Black-tailed Gnatcatcher,Gobemoucheron à queue noire,Passeriformes,Polioptilidae,Polioptila,melanura
285,3620,1342,1996,2023,27,Crested Caracara,Caracara huppé,Falconiformes,Falconidae,Caracara,plancus
529,5750,1323,1995,2023,28,Bachman's Sparrow,Bruant des pinèdes,Passeriformes,Passerellidae,Peucaea,aestivalis
3,20,1308,1993,2023,30,Red-necked Grebe,Grèbe jougris,Podicipediformes,Podicipedidae,Podiceps,grisegena
341,4100,1274,1996,2023,27,Golden-fronted Woodpecker,Pic à front doré,Piciformes,Picidae,Melanerpes,aurifrons
600,6420,1240,1997,2023,26,Golden-winged Warbler,Paruline à ailes dorées,Passeriformes,Parulidae,Vermivora,chrysoptera
186,2540,1237,1995,2023,28,Greater Yellowlegs,Grand Chevalier,Charadriiformes,Scolopacidae,Tringa,melanoleuca
392,4530,1233,1996,2023,27,Brown-crested Flycatcher,Tyran de Wied,Passeriformes,Tyrannidae,Myiarchus,tyrannulus
344,4123,1231,1997,2023,26,(unid. Red / Yellow Shafted) Northern Flicker,Pic flamboyant (groupe non identifié),Piciformes,Picidae,Colaptes,auratus
335,4040,1220,1996,2023,27,Williamson's Sapsucker,Pic de Williamson,Piciformes,Picidae,Sphyrapicus,thyroideus
94,1470,1213,1993,2023,30,Canvasback,Fuligule à dos blanc,Anseriformes,Anatidae,Aythya,valisineria
330,4010,1211,1997,2023,26,American Three-toed Woodpecker,Pic à dos rayé,Piciformes,Picidae,Picoides,dorsalis
500,5450,1177,1982,2023,41,Baird's Sparrow,Bruant de Baird,Passeriformes,Passerellidae,Centronyx,bairdii
351,4180,1174,1996,2023,27,Common Poorwill,Engoulevent de Nuttall,Caprimulgiformes,Caprimulgidae,Phalaenoptilus,nuttallii
5,40,1140,1982,2023,41,Eared Grebe,Grèbe à cou noir,Podicipediformes,Podicipedidae,Podiceps,nigricollis
376,4402,1129,1996,2023,27,unid. hummingbird,unid Colibri sp.,Apodiformes,Trochilidae,Trochilid,sp.
158,2190,1124,1996,2023,27,Common Gallinule,Gallinule d'Amérique,Gruiformes,Rallidae,Gallinula,galeata
372,4360,1101,1991,2023,32,Calliope Hummingbird,Colibri calliope,Apodiformes,Trochilidae,Selasphorus,calliope
685,7320,1098,1996,2023,27,Black-crested Titmouse,Mésange à plumet noir,Passeriformes,Paridae,Baeolophus,atricristatus
253,3270,1083,1997,2023,26,Swallow-tailed Kite,Naucler à queue fourchue,Accipitriformes,Accipitridae,Elanoides,forficatus
601,6430,1082,1996,2023,27,Lucy's Warbler,Paruline de Lucy,Passeriformes,Parulidae,Leiothlypis,luciae
512,5590,1078,1997,2023,26,American Tree Sparrow,Bruant hudsonien,Passeriformes,Passerellidae,Spizelloides,arborea
565,6121,1060,1996,2023,27,Cave Swallow,Hirondelle à front brun,Passeriformes,Hirundinidae,Petrochelidon,fulva
0,10,1053,1991,2023,32,Western Grebe,Grèbe élégant,Podicipediformes,Podicipedidae,Aechmophorus,occidentalis
289,3670,1041,1996,2023,27,Short-eared Owl,Hibou des marais,Strigiformes,Strigidae,Asio,flammeus
144,2030,1027,1997,2023,26,Yellow-crowned Night-Heron,Bihoreau violacé,Pelecaniformes,Ardeidae,Nyctanassa,violacea
189,2560,1007,1995,2023,28,Solitary Sandpiper,Chevalier solitaire,Charadriiformes,Scolopacidae,Tringa,solitaria
78,1310,1000,1996,2023,27,Hooded Merganser,Harle couronné,Anseriformes,Anatidae,Lophodytes,cucullatus
213,2882,992,1995,2023,28,Chukar,Perdrix choukar,Galliformes,Phasianidae,Alectoris,chukar
38,534,989,1990,2023,33,unid. gull,unid Goéland sp.,Charadriiformes,Laridae,Gull,sp.
460,5050,982,1996,2023,27,Hooded Oriole,Oriole masqué,Passeriformes,Icteridae,Icterus,cucullatus
417,4710,977,1997,2023,26,Vermilion Flycatcher,Moucherolle vermillon,Passeriformes,Tyrannidae,Pyrocephalus,rubinus
622,6640,959,1997,2023,26,Grace's Warbler,Paruline de Grace,Passeriformes,Parulidae,Setophaga,graciae
124,1810,955,1997,2023,26,Trumpeter Swan,Cygne trompette,Anseriformes,Anatidae,Cygnus,buccinator
466,5090,941,1995,2023,28,Rusty Blackbird,Quiscale rouilleux,Passeriformes,Icteridae,Euphagus,carolinus
655,7010,918,1996,2023,27,American Dipper,Cincle d'Amérique,Passeriformes,Cinclidae,Cinclus,mexicanus
447,4960,900,1996,2023,27,Bronzed Cowbird,Vacher bronzé,Passeriformes,Icteridae,Molothrus,aeneus
81,1330,895,1996,2023,27,American Black Duck,Canard noir,Anseriformes,Anatidae,Anas,rubripes
221,2971,874,1996,2023,27,Sooty Grouse,Tétras fuligineux,Galliformes,Phasianidae,Dendragapus,fuliginosus
342,4110,873,1997,2023,26,Gila Woodpecker,Pic des saguaros,Piciformes,Picidae,Melanerpes,uropygialis
502,5470,858,1996,2023,27,Henslow's Sparrow,Bruant de Henslow,Passeriformes,Passerellidae,Centronyx,henslowii
592,6340,858,1997,2023,26,Gray Vireo,Viréo gris,Passeriformes,Vireonidae,Vireo,vicinior
130,1880,857,1996,2023,27,Wood Stork,Tantale d'Amérique,Ciconiiformes,Ciconiidae,Mycteria,americana
49,640,823,1996,2023,27,Caspian Tern,Sterne caspienne,Charadriiformes,Laridae,Hydroprogne,caspia
32,470,800,1987,2023,36,Great Black-backed Gull,Goéland marin,Charadriiformes,Laridae,Larus,marinus
328,3990,797,1996,2023,27,White-headed Woodpecker,Pic à tête blanche,Piciformes,Picidae,Dryobates,albolarvatus
55,710,788,1997,2023,26,Arctic Tern,Sterne arctique,Charadriiformes,Laridae,Sterna,paradisaea
521,5677,762,1997,2023,26,(unid. race) Dark-eyed Junco,Junco ardoisé (groupe non identifié),Passeriformes,Passerellidae,Junco,hyemalis
561,6090,739,1997,2023,26,Hepatic Tanager,Piranga orangé,Passeriformes,Cardinalidae,Piranga,flava
339,4080,732,1997,2023,26,Lewis's Woodpecker,Pic de Lewis,Piciformes,Picidae,Melanerpes,lewis
411,4679,730,1997,2023,26,unid. Empidonax flycatcher,unid Empidonax sp.,Passeriformes,Tyrannidae,Empidonax,sp.
329,4000,712,1987,2023,36,Black-backed Woodpecker,Pic à dos noir,Piciformes,Picidae,Picoides,arcticus
497,5390,705,1996,2023,27,Thick-billed Longspur,Plectrophane de McCown,Passeriformes,Calcariidae,Rhynchophanes,mccownii
613,6556,699,1982,2023,41,(unid. Myrtle / Audubon's) Yellow-rumped Warbler,Par. à croupion jaune (sous-espèce non identifié),Passeriformes,Parulidae,Setophaga,coronata
510,5570,694,1995,2023,28,Golden-crowned Sparrow,Bruant à couronne dorée,Passeriformes,Passerellidae,Zonotrichia,atricapilla
517,5650,689,1996,2023,27,Black-chinned Sparrow,Bruant à menton noir,Passeriformes,Passerellidae,Spizella,atrogularis
54,700,685,1987,2023,36,Common Tern,Sterne pierregarin,Charadriiformes,Laridae,Sterna,hirundo
4,30,683,1993,2023,30,Horned Grebe,Grèbe esclavon,Podicipediformes,Podicipedidae,Podiceps,auritus
572,6180,674,1997,2023,26,Bohemian Waxwing,Jaseur boréal,Passeriformes,Bombycillidae,Bombycilla,garrulus
649,6883,672,1997,2023,26,Eurasian Tree Sparrow,Moineau friquet,Passeriformes,Passeridae,Passer,montanus
295,3730,658,1997,2023,26,Eastern Screech-Owl,Petit-duc maculé,Strigiformes,Strigidae,Megascops,asio
505,5491,657,1996,2023,27,Nelson's Sparrow,Bruant de Nelson,Passeriformes,Passerellidae,Ammospiza,nelsoni
262,3340,640,1996,2023,27,American Goshawk,Autour d’Amérique,Accipitriformes,Accipitridae,Accipiter,atricapillus
666,7120,603,1997,2023,26,Crissal Thrasher,Moqueur cul-roux,Passeriformes,Mimidae,Toxostoma,crissale
74,1260,601,1997,2023,26,Brown Pelican,Pélican brun,Pelecaniformes,Pelecanidae,Pelecanus,occidentalis
347,4140,577,1997,2023,26,Gilded Flicker,Pic chrysoïde,Piciformes,Picidae,Colaptes,chrysoides
101,1520,566,1995,2023,28,Barrow's Goldeneye,Garrot d'Islande,Anseriformes,Anatidae,Bucephala,islandica
281,3560,536,1997,2023,26,Peregrine Falcon,Faucon pèlerin,Falconiformes,Falconidae,Falco,peregrinus
545,5920,533,1997,2023,26,Abert's Towhee,Tohi d'Abert,Passeriformes,Passerellidae,Melozone,aberti
232,3090,522,1991,2023,32,Greater Sage-Grouse,Tétras des armoises,Galliformes,Phasianidae,Centrocercus,urophasianus
303,3790,514,1996,2023,27,Northern Pygmy-Owl,Chevêchette naine,Strigiformes,Strigidae,Glaucidium,gnoma
422,4760,514,1996,2023,27,Yellow-billed Magpie,Pie à bec jaune,Passeriformes,Corvidae,Pica,nuttalli
263,3350,513,1996,2023,27,Harris's Hawk,Buse de Harris,Accipitriformes,Accipitridae,Parabuteo,unicinctus
538,5860,510,1997,2023,26,Olive Sparrow,Tohi olive,Passeriformes,Passerellidae,Arremonops,rufivirgatus
77,1300,504,1997,2023,26,Red-breasted Merganser,Harle huppé,Anseriformes,Anatidae,Mergus,serrator
165,2280,484,1995,2023,28,American Woodcock,Bécasse d'Amérique,Charadriiformes,Scolopacidae,Scolopax,minor
366,4300,475,1997,2023,26,Costa's Hummingbird,Colibri de Costa,Apodiformes,Trochilidae,Calypte,costae
228,3050,464,1997,2023,26,Greater Prairie-Chicken,Tétras des prairies,Galliformes,Phasianidae,Tympanuchus,cupido
95,1480,460,1997,2023,26,Greater Scaup,Fuligule milouinan,Anseriformes,Anatidae,Aythya,marila
704,7470,458,1997,2023,26,Arctic Warbler,Pouillot boréal,Passeriformes,Phylloscopidae,Phylloscopus,borealis
13,110,455,1997,2023,26,Red-throated Loon,Plongeon catmarin,Gaviiformes,Gaviidae,Gavia,stellata
132,1910,453,1996,2023,27,Least Bittern,Petit Blongios,Pelecaniformes,Ardeidae,Ixobrychus,exilis
385,4461,451,1996,2023,27,Couch's Kingbird,Tyran de Couch,Passeriformes,Tyrannidae,Tyrannus,couchii
225,3010,442,1997,2023,26,Willow Ptarmigan,Lagopède des saules,Galliformes,Phasianidae,Lagopus,lagopus
50,650,440,1997,2023,26,Royal Tern,Sterne royale,Charadriiformes,Laridae,Thalasseus,maximus
18,230,435,1997,2023,26,Marbled Murrelet,Guillemot marbré,Charadriiformes,Alcidae,Brachyramphus,marmoratus
491,5310,427,1996,2023,27,Lawrence's Goldfinch,Chardonneret gris,Passeriformes,Fringillidae,Spinus,lawrencei
12,100,425,1997,2023,26,Pacific Loon,Plongeon du Pacifique,Gaviiformes,Gaviidae,Gavia,pacifica
506,5500,411,1997,2023,26,Seaside Sparrow,Bruant maritime,Passeriformes,Passerellidae,Ammospiza,maritima
122,1782,402,1996,2023,27,Mute Swan,Cygne tuberculé,Anseriformes,Anatidae,Cygnus,olor
661,7060,372,1996,2023,27,Long-billed Thrasher,Moqueur à long bec,Passeriformes,Mimidae,Toxostoma,longirostre
324,3950,371,1995,2023,28,Red-cockaded Woodpecker,Pic à face blanche,Piciformes,Picidae,Dryobates,borealis
255,3280,370,1996,2023,27,White-tailed Kite,Élanion à queue blanche,Accipitriformes,Accipitridae,Elanus,leucurus
494,5360,368,1997,2023,26,Lapland Longspur,Plectrophane lapon,Passeriformes,Calcariidae,Calcarius,lapponicus
455,5012,363,1997,2023,26,unid. Meadowlark,unid Sturnelle,Passeriformes,Icteridae,Sturnella,sp.
487,5275,360,1997,2023,26,unid. Common Redpoll / Hoary Redpoll,unid Sizerin flame / Sizerin blanchâtre,Passeriformes,Fringillidae,Carduelis,flammea / hornemanni
202,2740,355,1997,2023,26,Semipalmated Plover,Pluvier semipalmé,Charadriiformes,Charadriidae,Charadrius,semipalmatus
70,1210,351,1997,2023,26,Neotropic Cormorant,Cormoran vigua,Suliformes,Phalacrocoracidae,Nannopterum,brasilianum
663,7080,345,1997,2023,26,Bendire's Thrasher,Moqueur de Bendire,Passeriformes,Mimidae,Toxostoma,bendirei
433,4865,343,1997,2023,26,unid. Chihuahuan Raven / Common Raven,unid Grand Corbeau / Corbeau à cou blanc,Passeriformes,Corvidae,Corvus,cryptoleucus / corax
273,3451,327,1997,2023,26,unid. Buteo hawk,unid Buse sp.,Accipitriformes,Accipitridae,Buteo,sp.
333,4022,324,1996,2023,27,unid. sapsucker,unid Sphyrapicus sp.,Piciformes,Picidae,Sphyrapicus,sp.
689,7340,321,1997,2023,26,Bridled Titmouse,Mésange arlequin,Passeriformes,Paridae,Baeolophus,wollweberi
206,2810,311,1996,2023,27,Mountain Plover,Pluvier montagnard,Charadriiformes,Charadriidae,Charadrius,montanus
176,2420,311,1995,2023,28,Least Sandpiper,Bécasseau minuscule,Charadriiformes,Scolopacidae,Calidris,minutilla
123,1800,310,1997,2023,26,Tundra Swan,Cygne siffleur,Anseriformes,Anatidae,Cygnus,columbianus
115,1710,306,1997,2023,26,Greater White-fronted Goose,Oie rieuse,Anseriformes,Anatidae,Anser,albifrons
389,4490,306,1996,2023,27,Great Kiskadee,Tyran quiquivi,Passeriformes,Tyrannidae,Pitangus,sulphuratus
527,5739,305,1996,2023,27,Bell's Sparrow,Bruant de Bell,Passeriformes,Passerellidae,Artemisiospiza,belli
28,380,302,1997,2023,26,Long-tailed Jaeger,Labbe à longue queue,Charadriiformes,Stercorariidae,Stercorarius,longicaudus
429,4820,301,1997,2023,26,Mexican Jay,Geai du Mexique,Passeriformes,Corvidae,Aphelocoma,wollweberi
650,6900,300,1997,2023,26,Red-faced Warbler,Paruline à face rouge,Passeriformes,Parulidae,Cardellina,rubrifrons
451,5000,298,1997,2023,26,Tricolored Blackbird,Carouge de Californie,Passeriformes,Icteridae,Agelaius,tricolor
220,2970,279,1997,2023,26,Dusky Grouse,Tétras sombre,Galliformes,Phasianidae,Dendragapus,obscurus
652,6970,279,1997,2023,26,American Pipit,Pipit d'Amérique,Passeriformes,Motacillidae,Anthus,rubescens
1,11,275,1995,2023,28,Clark's Grebe,Grèbe à face blanche,Podicipediformes,Podicipedidae,Aechmophorus,clarkii
287,3650,273,1997,2023,26,Barn Owl,Effraie des clochers,Strigiformes,Tytonidae,Tyto,alba
430,4830,269,1997,2023,26,Green Jay,Geai vert,Passeriformes,Corvidae,Cyanocorax,yncas
518,5660,268,1997,2023,26,(White-winged Junco) Dark-eyed Junco,Junco ardoisé (à ailes blanches),Passeriformes,Passerellidae,Junco,hyemalis aikeni
647,6880,258,1997,2023,26,Painted Redstart,Paruline à ailes blanches,Passeriformes,Parulidae,Myioborus,pictus
30,420,255,1997,2023,26,Glaucous Gull,Goéland bourgmestre,Charadriiformes,Laridae,Larus,hyperboreus
104,1550,246,1991,2023,32,Harlequin Duck,Arlequin plongeur,Anseriformes,Anatidae,Histrionicus,histrionicus
357,4220,236,1991,2023,32,Black Swift,Martinet sombre,Apodiformes,Apodidae,Cypseloides,niger
609,6510,232,1997,2023,26,Olive Warbler,Fauvine des pins,Passeriformes,Peucedramidae,Peucedramus,taeniatus
413,4689,231,1997,2023,26,unid. Hammond's Flycatcher / Dusky Flycatcher,unid Moucherolle Hammond's / Moucherolle Dusky,Passeriformes,Tyrannidae,Empidonax,hammondii / oberholseri
405,4642,231,1996,2023,27,(unid. Cordilleran / Pac-slope) Western Flycatcher,Moucherolle obscur (groupe non identifié),Passeriformes,Tyrannidae,Empidonax,difficilis
196,2650,230,1997,2023,26,Whimbrel,Courlis corlieu,Charadriiformes,Scolopacidae,Numenius,phaeopus
103,1540,226,1997,2023,26,Long-tailed Duck,Harelde kakawi,Anseriformes,Anatidae,Clangula,hyemalis
268,3410,224,1997,2023,26,White-tailed Hawk,Buse à queue blanche,Accipitriformes,Accipitridae,Geranoaetus,albicaudatus
651,6960,217,1997,2023,26,Eastern Yellow Wagtail,Bergeronnette de Béringie,Passeriformes,Motacillidae,Motacilla,tschutschensis
394,4550,212,1997,2023,26,Dusky-capped Flycatcher,Tyran olivâtre,Passeriformes,Tyrannidae,Myiarchus,tuberculifer
555,6000,210,1997,2023,26,Varied Bunting,Passerin varié,Passeriformes,Cardinalidae,Passerina,versicolor
161,2230,210,1997,2023,26,Red-necked Phalarope,Phalarope à bec étroit,Charadriiformes,Scolopacidae,Phalaropus,lobatus
34,490,208,1997,2023,26,Western Gull,Goéland d'Audubon,Charadriiformes,Laridae,Larus,occidentalis
148,2070,207,1997,2023,26,Limpkin,Courlan brun,Gruiformes,Aramidae,Aramus,guarauna
244,3180,195,1996,2023,27,White-tipped Dove,Colombe de Verreaux,Columbiformes,Columbidae,Leptotila,verreauxi
223,2980,189,1997,2023,26,Spruce Grouse,Tétras du Canada,Galliformes,Phasianidae,Canachites,canadensis
566,6122,181,1998,2023,25,unid. Cave Swallow / Cliff Swallow,unid Hirondelle à front blanc / à front brun,Passeriformes,Hirundinidae,Petrochelidon,pyrrhonota / fulva
155,2150,176,1997,2023,26,Yellow Rail,Râle jaune,Gruiformes,Rallidae,Coturnicops,noveboracensis
665,7110,171,1997,2023,26,LeConte's Thrasher,Moqueur de LeConte,Passeriformes,Mimidae,Toxostoma,lecontei
199,2720,169,1997,2023,26,American Golden-Plover,Pluvier bronzé,Charadriiformes,Charadriidae,Pluvialis,dominica
110,1650,169,1993,2023,30,White-winged Scoter,Macreuse à ailes blanches,Anseriformes,Anatidae,Melanitta,deglandi
456,5030,167,1996,2023,27,Audubon's Oriole,Oriole d'Audubon,Passeriformes,Icteridae,Icterus,graduacauda
275,3470,167,1997,2023,26,Rough-legged Hawk,Buse pattue,Accipitriformes,Accipitridae,Buteo,lagopus
530,5760,166,1997,2023,26,Botteri's Sparrow,Bruant de Botteri,Passeriformes,Passerellidae,Peucaea,botterii
21,290,164,1991,2023,32,Pigeon Guillemot,Guillemot colombin,Charadriiformes,Alcidae,Cepphus,columba
274,3460,163,1997,2023,26,Gray Hawk,Buse grise,Accipitriformes,Accipitridae,Buteo,plagiatus
128,1861,162,1997,2023,26,unid. Glossy Ibis / White-faced Ibis,unid Ibis falcinelle / Ibis à face blanche,Pelecaniformes,Threskiornithidae,Plegadis,falcinellus / chihi
29,400,155,1997,2023,26,Black-legged Kittiwake,Mouette tridactyle,Charadriiformes,Laridae,Rissa,tridactyla
301,3770,154,1982,2023,41,Northern Hawk Owl,Chouette épervière,Strigiformes,Strigidae,Surnia,ulula
292,3700,152,1996,2023,27,Great Gray Owl,Chouette lapone,Strigiformes,Strigidae,Strix,nebulosa
96,1489,149,1995,2023,28,unid. Greater Scaup / Lesser Scaup,unid Fuligule milouinan / Petit Fuligule,Anseriformes,Anatidae,Aythya,marila / affinis
107,1590,146,1995,2023,28,Common Eider,Eider à duvet,Anseriformes,Anatidae,Somateria,mollissima
210,2860,146,1997,2023,26,American Oystercatcher,Huîtrier d'Amérique,Charadriiformes,Haematopodidae,Haematopus,palliatus
691,7351,146,1997,2023,26,unid. western chickadee species,unid Mésange sp. de l'Ouest,Passeriformes,Paridae,Poecile,sp.
588,6300,144,1997,2023,26,Black-capped Vireo,Viréo à tête noire,Passeriformes,Vireonidae,Vireo,atricapilla
528,5740,140,1996,2023,27,unid. Sagebrush Sparrow / Bell's Sparrow,unid Bruant des armoises / Burant de Bell,Passeriformes,Passerellidae,Artemisiospiza,nevadensis / belli
267,3400,137,1997,2023,26,Zone-tailed Hawk,Buse à queue barrée,Accipitriformes,Accipitridae,Buteo,albonotatus
352,4190,136,1997,2023,26,Common Pauraque,Engoulevent pauraqué,Caprimulgiformes,Caprimulgidae,Nyctidromus,albicollis
63,1170,131,1997,2023,26,Northern Gannet,Fou de Bassan,Suliformes,Sulidae,Morus,bassanus
219,2960,131,1997,2023,26,Montezuma Quail,Colin arlequin,Galliformes,Odontophoridae,Cyrtonyx,montezumae
297,3732,130,1997,2023,26,Western Screech-Owl,Petit-duc des montagnes,Strigiformes,Strigidae,Megascops,kennicottii
200,2721,129,1997,2023,26,Pacific Golden-Plover,Pluvier fauve,Charadriiformes,Charadriidae,Pluvialis,fulva
418,4720,123,1997,2023,26,Northern Beardless-Tyrannulet,Tyranneau imberbe,Passeriformes,Tyrannidae,Camptostoma,imberbe
181,2470,122,1997,2023,26,Western Sandpiper,Bécasseau d'Alaska,Charadriiformes,Scolopacidae,Calidris,mauri
82,1331,118,1997,2023,26,Mexican Duck,Canard du Mexique,Anseriformes,Anatidae,Anas,diazi
72,1230,118,1991,2023,32,Pelagic Cormorant,Cormoran pélagique,Suliformes,Phalacrocoracidae,Urile,pelagicus
382,4450,117,1997,2023,26,Gray Kingbird,Tyran gris,Passeriformes,Tyrannidae,Tyrannus,dominicensis
425,4790,116,1997,2023,26,Florida Scrub-Jay,Geai à gorge blanche,Passeriformes,Corvidae,Aphelocoma,coerulescens
226,3020,114,1997,2023,26,Rock Ptarmigan,Lagopède alpin,Galliformes,Phasianidae,Lagopus,muta
311,3840,112,1997,2023,26,Groove-billed Ani,Ani à bec cannelé,Cuculiformes,Cuculidae,Crotophaga,sulcirostris
532,5790,111,1998,2023,25,Rufous-winged Sparrow,Bruant à épaulettes,Passeriformes,Passerellidae,Peucaea,carpalis
294,3720,111,1996,2023,27,Northern Saw-whet Owl,Petite Nyctale,Strigiformes,Strigidae,Aegolius,acadicus
426,4810,111,1997,2022,25,unid. California Scrub-Jay / Woodhouse's Scrub-Jay,unid Geai buissonnier / Geai de Woodhouse,Passeriformes,Corvidae,Aphelocoma,californica / woodhouseii
48,634,107,1997,2023,26,unid. tern,unid Sterne sp.,Charadriiformes,Laridae,Tern,sp.
377,4410,105,1997,2023,26,Broad-billed Hummingbird,Colibri circé,Apodiformes,Trochilidae,Cynanthus,latirostris
180,2460,104,1997,2023,26,Semipalmated Sandpiper,Bécasseau semipalmé,Charadriiformes,Scolopacidae,Calidris,pusilla
265,3380,104,1997,2023,26,(Harlan's Hawk) Red-tailed Hawk,Buse à queue rousse (groupe harlani),Accipitriformes,Accipitridae,Buteo,jamaicensis harlani
524,5700,103,1997,2023,26,Yellow-eyed Junco,Junco aux yeux jaunes,Passeriformes,Passerellidae,Junco,phaeonotus
112,1660,99,1997,2023,26,Surf Scoter,Macreuse à front blanc,Anseriformes,Anatidae,Melanitta,perspicillata
522,5680,96,1998,2023,25,(Pink-sided Junco) Dark-eyed Junco,Junco ardoisé (groupe mearnsi),Passeriformes,Passerellidae,Junco,hyemalis mearnsi
327,3975,96,1997,2023,26,Arizona Woodpecker,Pic d'Arizona,Piciformes,Picidae,Dryobates,arizonae
109,1630,93,1997,2023,26,Black Scoter,Macreuse à bec jaune,Anseriformes,Anatidae,Melanitta,americana
211,2870,91,1994,2023,29,Black Oystercatcher,Huîtrier de Bachman,Charadriiformes,Haematopodidae,Haematopus,bachmani
27,370,90,1997,2023,26,Parasitic Jaeger,Labbe parasite,Charadriiformes,Stercorariidae,Stercorarius,parasiticus
578,6230,86,1997,2021,24,Black-whiskered Vireo,Viréo à moustaches,Passeriformes,Vireonidae,Vireo,altiloquus
486,5270,86,1997,2023,26,Hoary Redpoll,Sizerin blanchâtre,Passeriformes,Fringillidae,Acanthis,hornemanni
471,5135,85,1997,2023,26,unid. Boat-tailed Grackle / Great-tailed Grackle,unid Quiscale des marais / Quiscale à longue queue,Passeriformes,Icteridae,Quiscalus,major / mexicanus
191,2590,84,1998,2023,25,Wandering Tattler,Chevalier errant,Charadriiformes,Scolopacidae,Tringa,incana
167,2310,83,1997,2023,26,Short-billed Dowitcher,Bécassin roux,Charadriiformes,Scolopacidae,Limnodromus,griseus
399,4600,78,1997,2023,26,Greater Pewee,Moucherolle de Coues,Passeriformes,Tyrannidae,Contopus,pertinax
547,5935,78,1997,2023,26,unid. Northern Cardinal / Pyrrhuloxia,unid Cardinal rouge / Cardinal pyrrhuloxia,Passeriformes,Cardinalidae,Cardinalis,cardinalis / sinuatus
229,3070,77,1997,2021,24,Lesser Prairie-Chicken,Tétras pâle,Galliformes,Phasianidae,Tympanuchus,pallidicinctus
56,730,77,1997,2023,26,Aleutian Tern,Sterne des Aléoutiennes,Charadriiformes,Laridae,Onychoprion,aleuticus
684,7315,74,1997,2023,26,unid. Tufted Titmouse / Black-crested Titmouse,unid Mésange bicolore / Mésange à plumet noir,Passeriformes,Paridae,Baeolophus,bicolor / atricristatus
381,4447,73,1998,2023,25,unid. Cassin's Kingbird / Western Kingbird,unid Tyran de Cassin / Tyran de l'Ouest,Passeriformes,Tyrannidae,Tyrannus,vociferans / verticalis
390,4510,71,1997,2023,26,Sulphur-bellied Flycatcher,Tyran tigré,Passeriformes,Tyrannidae,Myiodynastes,luteiventris
692,7352,71,1997,2023,26,unid. Carolina Chickadee / Black-capped Chickadee,unid Mésange de Caroline / Mésange à tête noire,Passeriformes,Paridae,Poecile,carolinensis / atricapillus
204,2780,70,1997,2023,26,Snowy Plover,Pluvier neigeux,Charadriiformes,Charadriidae,Charadrius,nivosus
576,6210,70,1997,2023,26,Northern Shrike,Pie-grièche boréale,Passeriformes,Laniidae,Lanius,borealis
721,7640,69,1997,2023,26,Bluethroat,Gorgebleue à miroir,Passeriformes,Muscicapidae,Cyanecula,svecica
288,3660,69,1997,2023,26,Long-eared Owl,Hibou moyen-duc,Strigiformes,Strigidae,Asio,otus
627,6685,66,1997,2023,26,unid. Townsend's Warbler / Hermit Warbler,unid Paruline de Townsend / Paruline à tête jaune,Passeriformes,Parulidae,Setophaga,townsendi / occidentalis
315,3875,65,1999,2023,24,unid. Yellow-billed Cuckoo / Black-billed Cuckoo,unid Coulicou à bec jaune / Coulicou à bec noir,Cuculiformes,Cuculidae,Coccyzus,americanus / erythropthalmus
71,1220,63,1997,2019,22,Brandt's Cormorant,Cormoran de Brandt,Suliformes,Phalacrocoracidae,Urile,penicillatus
624,6660,60,1997,2023,26,Golden-cheeked Warbler,Paruline à dos noir,Passeriformes,Parulidae,Setophaga,chrysoparia
100,1512,60,1999,2023,24,unid. Common Goldeneye / Barrow's Goldeneye,unid Garrot à oeil d'or / Garrot d'Islande,Anseriformes,Anatidae,Bucephala,clangula / islandica
152,2111,58,1997,2023,26,Ridgway's Rail,Râle de Californie,Gruiformes,Rallidae,Rallus,obsoletus
240,3140,56,1998,2023,25,White-crowned Pigeon,Pigeon à couronne blanche,Columbiformes,Columbidae,Patagioenas,leucocephala
75,1280,53,1997,2021,24,Magnificent Frigatebird,Frégate superbe,Suliformes,Fregatidae,Fregata,magnificens
20,270,53,1995,2023,28,Black Guillemot,Guillemot à miroir,Charadriiformes,Alcidae,Cepphus,grylle
495,5370,52,1997,2023,26,Smith's Longspur,Plectrophane de Smith,Passeriformes,Calcariidae,Calcarius,pictus
307,3824,50,1997,2023,26,Monk Parakeet,Conure veuve,Psittaciformes,Psittacidae,Myiopsitta,monachus
205,2800,49,1997,2023,26,Wilson's Plover,Pluvier de Wilson,Charadriiformes,Charadriidae,Charadrius,wilsonia
727,10210,49,2009,2023,14,Muscovy Duck,Canard musqué,Anseriformes,Anatidae,Cairina,moschata
293,3710,49,1997,2023,26,Boreal Owl,Nyctale de Tengmalm,Strigiformes,Strigidae,Aegolius,funereus
722,7650,48,1997,2015,18,Northern Wheatear,Traquet motteux,Passeriformes,Muscicapidae,Oenanthe,oenanthe
350,4172,48,1997,2023,26,Mexican Whip-poor-will,Engoulevent d'Arizona,Caprimulgiformes,Caprimulgidae,Antrostomus,arizonae
383,4451,46,1997,2023,26,Thick-billed Kingbird,Tyran à bec épais,Passeriformes,Tyrannidae,Tyrannus,crassirostris
508,5530,45,1998,2023,25,Harris's Sparrow,Bruant à face noire,Passeriformes,Passerellidae,Zonotrichia,querula
305,3810,45,1997,2023,26,Elf Owl,Chevêchette des saguaros,Strigiformes,Strigidae,Micrathene,whitneyi
178,2429,45,2003,2023,20,unid. small ''peep'' sandpiper,unid petit Bécasseau sp.,Charadriiformes,Scolopacidae,Calidris,sp.
630,6700,45,2000,2023,23,Kirtland's Warbler,Paruline de Kirtland,Passeriformes,Parulidae,Setophaga,kirtlandii
52,670,44,1997,2023,26,Sandwich Tern,Sterne caugek,Charadriiformes,Laridae,Thalasseus,sandvicensis
185,2510,44,1997,2018,21,Hudsonian Godwit,Barge hudsonienne,Charadriiformes,Scolopacidae,Limosa,haemastica
222,2973,43,1998,2022,24,unid. Dusky Grouse / Sooty Grouse,unid Tétras sombre / Tétras fuligineux,Galliformes,Phasianidae,Dendragapus,obscurus / fuliginosus
2,12,41,1997,2023,26,unid. Western Grebe / Clark's Grebe,unid Grèbe élégant / Grèbe à face blanche,Podicipediformes,Podicipedidae,Aechmophorus,occidentalis / clarkii
184,2500,40,1997,2023,26,Bar-tailed Godwit,Barge rousse,Charadriiformes,Scolopacidae,Limosa,lapponica
135,1945,39,2005,2023,18,unid. heron / egret,unid héron / aigrette sp.,Pelecaniformes,Ardeidae,Ardeid,sp.
22,300,38,1997,2019,22,Common Murre,Guillemot marmette,Charadriiformes,Alcidae,Uria,aalge
362,4270,38,1997,2023,26,Blue-throated Mountain-gem,Colibri à gorge bleue,Apodiformes,Trochilidae,Lampornis,clemenciae
6,50,37,1996,2023,27,Least Grebe,Grèbe minime,Podicipediformes,Podicipedidae,Tachybaptus,dominicus
156,2160,37,1997,2023,26,Black Rail,Râle noir,Gruiformes,Rallidae,Laterallus,jamaicensis
463,5077,36,1997,2023,26,unid. Bullock's Oriole / Baltimore Oriole,unid Oriole de Baltimore / Oriole de Bullock's,Passeriformes,Icteridae,Icterus,bullockii / galbula
179,2430,36,1998,2023,25,Dunlin,Bécasseau variable,Charadriiformes,Scolopacidae,Calidris,alpina
145,2035,36,1997,2023,26,unid Black-crowned / Yellow-crowned Night-Heron,unid Bihoreau gris / Bihoreau violacé,Pelecaniformes,Ardeidae,Nycticorax / Nyctanassa,nycticorax / violacea
69,1207,36,1997,2023,26,unid. west coast cormorant,unid Cormoran de la côte ouest,Suliformes,Phalacrocoracidae,Urile,sp.
117,1725,36,2005,2023,18,Cackling Goose,Bernache de Hutchins,Anseriformes,Anatidae,Branta,hutchinsii
313,3860,34,1997,2018,21,Mangrove Cuckoo,Coulicou manioc,Cuculiformes,Cuculidae,Coccyzus,minor
279,3540,34,1997,2022,25,Gyrfalcon,Faucon gerfaut,Falconiformes,Falconidae,Falco,rusticolus
477,5195,34,2004,2023,19,unid. Purple Finch / Cassin's Finch / House Finch,unid Roselin pourpré / de Cassin / familier,Passeriformes,Fringillidae,Carpodacus,purpureus / cassinii / mexicanus
236,3110,33,1997,2023,26,Plain Chachalaca,Ortalide chacamel,Galliformes,Cracidae,Ortalis,vetula
188,2555,33,1997,2023,26,unid. Greater Yellowlegs / Lesser Yellowlegs,unid Grand Chevalier / Petit Chevalier,Charadriiformes,Scolopacidae,Tringa,melanoleuca / flavipes
251,3255,30,2000,2023,23,unid. Black Vulture / Turkey Vulture,unid Urubu noir / Urubu à tête rouge,Cathartiformes,Cathartidae,Coragyps / Cathartes,atratus / aura
317,3890,30,1998,2023,25,Elegant Trogon,Trogon élégant,Trogoniformes,Trogonidae,Trogon,elegans
504,5490,30,1996,2023,27,Saltmarsh Sparrow,Bruant à queue aiguë,Passeriformes,Passerellidae,Ammospiza,caudacuta
291,3690,30,1997,2023,26,Spotted Owl,Chouette tachetée,Strigiformes,Strigidae,Strix,occidentalis
9,77,30,1998,2023,25,unid. loon,plongeon sp.,Gaviiformes,Gaviidae,Gavia,sp.
673,7220,29,1997,2023,26,unid. Pacific Wren / Winter Wren,unid Troglodyte des forêts / Troglodyte de Baird,Passeriformes,Troglodytidae,Troglodytes,pacificus / hiemalis
25,320,28,1999,2023,24,Razorbill,Petit Pingouin,Charadriiformes,Alcidae,Alca,torda
16,150,27,1997,2023,26,Rhinoceros Auklet,Macareux rhinocéros,Charadriiformes,Alcidae,Cerorhinca,monocerata
481,5225,27,1997,2023,26,unid. Red Crossbill / White-winged Crossbill,unid Bec-croisé des sapins / Bec-croisé bifascié,Passeriformes,Fringillidae,Loxia,curvirostra / leucoptera
133,1920,27,1999,2018,19,(Great White Heron) Great Blue Heron,Grand Héron (blanche),Pelecaniformes,Ardeidae,Ardea,herodias occidentalis
693,7353,26,1998,2022,24,unid. Black-capped Chickadee / Mountain Chickadee,unid Mésange à tête noire / Mésange de Gambel,Passeriformes,Paridae,Poecile,atricapillus / gambeli
231,3089,26,1997,2023,26,Gunnison Sage-Grouse,Tétras du Gunnison,Galliformes,Phasianidae,Centrocercus,minimus
437,4882,25,1998,2021,23,,,,,,
374,4390,25,1997,2023,26,Buff-bellied Hummingbird,Ariane du Yucatan,Apodiformes,Trochilidae,Amazilia,yucatanensis
272,3450,25,2003,2023,20,Common Black Hawk,Buse noire,Accipitriformes,Accipitridae,Buteogallus,anthracinus
696,7370,25,1997,2023,26,Mexican Chickadee,Mésange grise,Passeriformes,Paridae,Poecile,sclateri
170,2330,25,2004,2022,18,Stilt Sandpiper,Bécasseau à échasses,Charadriiformes,Scolopacidae,Calidris,himantopus
257,3300,23,1997,2022,25,Snail Kite,Milan des marais,Accipitriformes,Accipitridae,Rostrhamus,sociabilis
452,5009,23,2023,2023,0,Chihuahuan Meadowlark,Sturnelle de Lilian,Passeriformes,Icteridae,Sturnella,lilianae
479,5212,23,1997,2023,26,unid. Cassia Crossbill / Red Crossbill,Unid Bec-croisé de l'Idaho / des sapins,Passeriformes,Fringillidae,Loxia,sinesciuris / curvirostra
354,4205,22,1997,2023,26,unid. Lesser Nighthawk / Common Nighthawk,unid Engoulevent minime / Engoulevent d'Amérique,Caprimulgiformes,Caprimulgidae,Chordeiles,acutipennis / minor
384,4460,22,1999,2023,24,Tropical Kingbird,Tyran mélancolique,Passeriformes,Tyrannidae,Tyrannus,melancholicus
361,4260,21,1997,2023,26,Rivoli's Hummingbird,Colibri de Rivoli,Apodiformes,Trochilidae,Eugenes,fulgens
345,4125,20,2004,2023,19,hybrid Northern Flicker (Red x Yellow-shafted),hybride Pic flamboyant (cafer x auratus),Piciformes,Picidae,Colaptes,auratus auratus x auratus cafer
118,1740,20,1997,2023,26,(Black Brant) Brant,Bernache cravant (groupe nigricans),Anseriformes,Anatidae,Branta,bernicla nigricans
208,2830,20,1997,2010,13,Ruddy Turnstone,Tournepierre à collier,Charadriiformes,Scolopacidae,Arenaria,interpres
209,2840,20,1997,2018,21,Black Turnstone,Tournepierre noir,Charadriiformes,Scolopacidae,Arenaria,melanocephala
370,4335,19,2010,2022,12,unid. Rufous Hummingbird / Allen's Hummingbird,unid Colibri roux / Colibri d'Allen,Apodiformes,Trochilidae,Selasphorus,rufus / sasin
80,1326,19,2005,2022,17,hybrid Mallard x Black / Mexican / Mottled Duck,hybride Canard colvert x noir / Mexique / brun,Anseriformes,Anatidae,Anas,platyrhynchos x rubripes / diazi / fulvigula
172,2356,19,1997,2023,26,Rock Sandpiper,Bécasseau des Aléoutiennes,Charadriiformes,Scolopacidae,Calidris,ptilocnemis
65,1190,19,1997,2021,24,Great Cormorant,Grand Cormoran,Suliformes,Phalacrocoracidae,Phalacrocorax,carbo
197,2680,18,1997,2014,17,Bristle-thighed Curlew,Courlis d'Alaska,Charadriiformes,Scolopacidae,Numenius,tahitiensis
42,570,17,1998,2019,21,Heermann's Gull,Goéland de Heermann,Charadriiformes,Laridae,Larus,heermanni
10,80,15,2005,2023,18,Yellow-billed Loon,Plongeon à bec blanc,Gaviiformes,Gaviidae,Gavia,adamsii
67,1205,15,2000,2023,23,unid. Neotropic / Double-crested Cormorant,Cormoran vigua / Cormoran à aigrettes,Suliformes,Phalacrocoracidae,Nannopterum,brasilianum / auritum
482,5240,14,1997,2019,22,Gray-crowned Rosy-Finch,Roselin à tête grise,Passeriformes,Fringillidae,Leucosticte,tephrocotis
298,3740,13,1999,2019,20,Flammulated Owl,Petit-duc nain,Strigiformes,Strigidae,Psiloscops,flammeolus
484,5260,13,1997,2021,24,Brown-capped Rosy-Finch,Roselin à tête brune,Passeriformes,Fringillidae,Leucosticte,australis
271,3440,12,2003,2021,18,Short-tailed Hawk,Buse à queue courte,Accipitriformes,Accipitridae,Buteo,brachyurus
709,7530,12,2003,2022,19,California Gnatcatcher,Gobemoucheron de Californie,Passeriformes,Polioptilidae,Polioptila,californica
198,2700,12,1998,2018,20,Black-bellied Plover,Pluvier argenté,Charadriiformes,Charadriidae,Pluvialis,squatarola
227,3040,12,1997,2022,25,White-tailed Ptarmigan,Lagopède à queue blanche,Galliformes,Phasianidae,Lagopus,leucura
111,1657,11,2001,2023,22,unid. scoter,unid macreuse sp.,Anseriformes,Anatidae,Melanitta,sp.
715,7571,11,1997,2011,14,Bicknell's Thrush,Grive de Bicknell,Passeriformes,Turdidae,Catharus,bicknelli
443,4932,11,2002,2022,20,Common Myna,Martin triste,Passeriformes,Sturnidae,Acridotheres,tristis
114,1690,11,2001,2023,22,Snow Goose,Oie des neiges,Anseriformes,Anatidae,Anser,caerulescens
26,360,11,2007,2023,16,Pomarine Jaeger,Labbe pomarin,Charadriiformes,Stercorariidae,Stercorarius,pomarinus
446,4955,10,1997,2023,26,unid. Bronzed Cowbird / Brown-headed Cowbird,unid Vacher bronzé / à tête brune,Passeriformes,Icteridae,Molothrus,aeneus / ater
41,551,10,1997,2019,22,Black-headed Gull,Mouette rieuse,Charadriiformes,Laridae,Chroicocephalus,ridibundus
598,6412,9,1998,2014,16,Brewster's Warbler (Golden-winged x Blue-winged),Paruline de Brewster,Passeriformes,Parulidae,Vermivora,cyanoptera x chrysoptera
493,5340,9,1997,2023,26,Snow Bunting,Plectrophane des neiges,Passeriformes,Calcariidae,Plectrophenax,nivalis
249,3240,9,1998,2011,13,California Condor,Condor de Californie,Cathartiformes,Cathartidae,Gymnogyps,californianus
35,495,9,1999,2018,19,hybrid Western Gull x Glaucous-winged Gull,hybride Goéland à ailes grises x d'Audubon,Charadriiformes,Laridae,Larus,occidentalis x glaucescens
607,6490,9,1997,2019,22,Tropical Parula,Paruline à joues noires,Passeriformes,Parulidae,Setophaga,pitiayumi
448,4961,9,1999,2018,19,Shiny Cowbird,Vacher luisant,Passeriformes,Icteridae,Molothrus,bonariensis
234,3095,9,2014,2023,9,Indian Peafowl,Paon bleu,Galliformes,Phasianidae,Pavo,cristatus
688,7332,8,1997,2012,15,unid. Oak Titmouse / Juniper Titmouse,unid unid Mésange unicolore / Mésange des genévrie,Passeriformes,Paridae,Baeolophus,inornatus / ridgwayi
24,315,8,2007,2015,8,unid. Common Murre / Thick-billed Murre,unid Guillemot marmette / Guillemot de Brünnich,Charadriiformes,Laridae,Uria,aalge / lomvia
33,480,8,2005,2018,13,Slaty-backed Gull,Goéland à manteau ardoisé,Charadriiformes,Laridae,Larus,schistisagus
375,4391,8,2004,2013,9,Violet-crowned Hummingbird,Ariane à couronne violette,Apodiformes,Trochilidae,Ramosomyia,violiceps
46,620,8,2006,2023,17,Sabine's Gull,Mouette de Sabine,Charadriiformes,Laridae,Xema,sabini
573,6185,8,2004,2023,19,unid. Cedar Waxwing / Bohemian Waxwing,unid Jaseur sp.,Passeriformes,Bombycillidae,Bombycilla,garrulus / cedrorum
173,2390,8,2003,2023,20,Pectoral Sandpiper,Bécasseau à poitrine cendrée,Charadriiformes,Scolopacidae,Calidris,melanotos
386,4462,7,2000,2023,23,unid. Tropical Kingbird / Couch's Kingbird,unid Tyran mélancolique / Tyran de Couch,Passeriformes,Tyrannidae,Tyrannus,melancholicus / couchii
241,3151,7,2004,2017,13,Spotted Dove,Tourterelle tigrine,Columbiformes,Columbidae,Streptopelia,chinensis
146,2040,7,2006,2021,15,Whooping Crane,Grue blanche,Gruiformes,Gruidae,Grus,americana
168,2320,7,2004,2023,19,Long-billed Dowitcher,Bécassin à long bec,Charadriiformes,Scolopacidae,Limnodromus,scolopaceus
203,2770,7,2007,2019,12,Piping Plover,Pluvier siffleur,Charadriiformes,Charadriidae,Charadrius,melodus
320,3910,7,2002,2019,17,Green Kingfisher,Martin-pêcheur vert,Coraciiformes,Alcedinidae,Chloroceryle,americana
726,8110,7,2016,2023,7,Scaly-breasted Munia,Capucin damier,Passeriformes,Estrildidae,Lonchura,punctulata
587,6296,6,1997,2023,26,unid. Plumbeous Vireo / Cassin's Vireo,unid Viréo plombé / Viréo de Cassin,Passeriformes,Vireonidae,Vireo,plumbeus / cassinii
175,2410,6,2011,2023,12,Baird's Sandpiper,Bécasseau de Baird,Charadriiformes,Scolopacidae,Calidris,bairdii
242,3152,6,1999,2011,12,African Collared-Dove (a.k.a. Ringed Turtle-Dove),Tourterelle rieuse,Columbiformes,Columbidae,Streptopelia,roseogrisea
283,3590,6,2004,2012,8,Aplomado Falcon,Faucon aplomado,Falconiformes,Falconidae,Falco,femoralis
457,5031,6,1997,2023,26,Altamira Oriole,Oriole à gros bec,Passeriformes,Icteridae,Icterus,gularis
85,1360,6,2001,2018,17,Eurasian Wigeon,Canard siffleur,Anseriformes,Anatidae,Mareca,penelope
169,2327,6,2000,2013,13,unid. Short-billed / Long-billed Dowitcher,unid Bécassin roux / Bécassin à long bec,Charadriiformes,Scolopacidae,Limnodromus,griseus / scolopaceus
319,3901,5,1998,2022,24,Ringed Kingfisher,Martin-pêcheur à ventre roux,Coraciiformes,Alcedinidae,Megaceryle,torquata
310,3830,5,1999,2015,16,Smooth-billed Ani,Ani à bec lisse,Cuculiformes,Cuculidae,Crotophaga,ani
694,7354,5,1998,2019,21,unid. Black-capped Chickadee / Boreal Chickadee,unid Mésange à tête noire / Mésange à tête brune,Passeriformes,Paridae,Poecile,atricapillus / hudsonicus
628,6686,5,2013,2017,4,hybrid Townsend's Warbler x Hermit Warbler,hybride Paruline de Townsend x à tête jaune,Passeriformes,Parulidae,Setophaga,townsendi x occidentalis
108,1620,5,2004,2023,19,King Eider,Eider à tête grise,Anseriformes,Anatidae,Somateria,spectabilis
61,900,5,2004,2008,4,Manx Shearwater,Puffin des Anglais,Procellariiformes,Procellariidae,Puffinus,puffinus
207,2820,5,2003,2009,6,Surfbird,Bécasseau du ressac,Charadriiformes,Scolopacidae,Calidris,virgata
733,51830,5,2017,2022,5,Nanday Parakeet,Conure nanday,Psittaciformes,Psittacidae,Aratinga,nenday
553,5986,4,2009,2022,13,hybrid Lazuli Bunting x Indigo Bunting,hybride Passerin azuré x Passerin indigo,Passeriformes,Cardinalidae,Passerina,amoena x cyanea
300,3760,4,2011,2022,11,Snowy Owl,Harfang des neiges,Strigiformes,Strigidae,Bubo,scandiacus
171,2340,4,2017,2022,5,Red Knot,Bécasseau maubèche,Charadriiformes,Scolopacidae,Calidris,canutus
304,3800,4,1998,2014,16,Ferruginous Pygmy-Owl,Chevêchette brune,Strigiformes,Strigidae,Glaucidium,brasilianum
23,310,3,2004,2011,7,Thick-billed Murre,Guillemot de Brünnich,Charadriiformes,Alcidae,Uria,lomvia
729,19510,3,2019,2023,4,Pin-tailed Whydah,Veuve dominicaine,Passeriformes,Viduidae,Vidua,macroura
653,6990,3,2006,2008,2,Red-throated Pipit,Pipit à gorge rousse,Passeriformes,Motacillidae,Anthus,cervinus
106,1580,3,2021,2023,2,Spectacled Eider,Eider à lunettes,Anseriformes,Anatidae,Somateria,fischeri
485,5261,3,2018,2023,5,European Goldfinch,Chardonneret élégant,Passeriformes,Fringillidae,Carduelis,carduelis
247,3201,3,2003,2021,18,Ruddy Ground Dove,Colombe rousse,Columbiformes,Columbidae,Columbina,talpacoti
150,2090,3,2011,2018,7,unid. Clapper / King Rail,unid Râle élégant / Râle Gris,Gruiformes,Rallidae,Rallus,crepitans / elegans
458,5032,3,2002,2010,8,Spot-breasted Oriole,Oriole maculé,Passeriformes,Icteridae,Icterus,pectoralis
483,5250,3,1997,2006,9,Black Rosy-Finch,Roselin noir,Passeriformes,Fringillidae,Leucosticte,atrata
238,3130,3,1997,2021,24,Red-billed Pigeon,Pigeon à bec rouge,Columbiformes,Columbidae,Patagioenas,flavirostris
701,7421,3,2021,2023,2,Swinhoe’s White-eye,Zostérops de Swinhoe,Passeriformes,Zosteropidae,Zosterops,simplex
373,4370,3,2006,2018,12,Lucifer Hummingbird,Colibri lucifer,Apodiformes,Trochilidae,Calothorax,lucifer
365,4295,3,2012,2018,6,unid. Ruby-throated / Black-chinned Hummingbird,unid Colibri à gorge rubis / Colibri à gorge noire,Apodiformes,Trochilidae,Archilochus,colubris / alexandri
15,140,3,2005,2011,6,Horned Puffin,Macareux cornu,Charadriiformes,Alcidae,Fratercula,corniculata
308,3826,3,2019,2022,3,Red-crowned Parrot,Amazone à joues vertes,Psittaciformes,Psittacidae,Amazona,viridigenalis
174,2400,3,2021,2023,2,White-rumped Sandpiper,Bécasseau à croupion blanc,Charadriiformes,Scolopacidae,Calidris,fuscicollis
160,2220,3,2021,2023,2,Red Phalarope,Phalarope à bec large,Charadriiformes,Scolopacidae,Phalaropus,fulicarius
105,1570,3,2021,2023,2,Steller's Eider,Eider de Steller,Anseriformes,Anatidae,Polysticta,stelleri
68,1206,2,2012,2012,0,unid. Double-crested Cormorant / Great Cormorant,Cormoran à aigrettes / Grand Cormoran,Suliformes,Phalacrocoracidae,Nannopterum,auritus / carbo
734,52021,2,2005,2006,1,Yellow-chevroned Parakeet,Toui à ailes jaunes,Psittaciformes,Psittacidae,Brotogeris,chiriri
719,7621,2,2021,2023,2,Clay-colored Thrush,Merle fauve,Passeriformes,Turdidae,Turdus,grayi
416,4700,2,1997,1997,0,Buff-breasted Flycatcher,Moucherolle beige,Passeriformes,Tyrannidae,Empidonax,fulvifrons
306,3822,2,1999,2008,9,Budgerigar,Perruche ondulée,Psittaciformes,Psittaculidae,Melopsittacus,undulatus
19,240,2,1997,2001,4,Kittlitz's Murrelet,Guillemot de Kittlitz,Charadriiformes,Alcidae,Brachyramphus,brevirostris
378,4411,2,2019,2019,0,Rose-throated Becard,Bécarde à gorge rose,Passeriformes,Tityridae,Pachyramphus,aglaiae
296,3731,2,1998,1998,0,Whiskered Screech-Owl,Petit-duc à moustaches,Strigiformes,Strigidae,Megascops,trichopsis
62,1150,2,2007,2007,0,Brown Booby,Fou brun,Suliformes,Sulidae,Sula,leucogaster
730,20630,2,2018,2019,1,Egyptian Goose,Ouette d'Égypte,Anseriformes,Anatidae,Alopochen,aegyptiaca
728,16600,2,2009,2009,0,Sinaloa Wren,Troglodyte du Sinaloa,Passeriformes,Troglodytidae,Thryophilus,sinaloa
464,5078,2,2017,2018,1,hybrid Bullock's Oriole x Baltimore Oriole,hybride Oriole de Baltimore x Oriole de Bullock's,Passeriformes,Icteridae,Icterus,bullockii x galbula
193,2620,2,2021,2022,1,Buff-breasted Sandpiper,Bécasseau roussâtre,Charadriiformes,Scolopacidae,Calidris,subruficollis
51,660,2,2014,2015,1,Elegant Tern,Sterne élégante,Charadriiformes,Laridae,Thalasseus,elegans
599,6413,2,2001,2023,22,Lawrence's Warbler (Golden-winged x Blue-winged),Paruline de Lawrence,Passeriformes,Parulidae,Vermivora,chrysoptera x cyanoptera
309,3827,1,2010,2010,0,unid. White-winged / Yellow-chevroned Parakeet,Toui à ailes variées / Toui à ailes jaunes,Psittaciformes,Psittacidae,Brotogeris,versicolurus / chiriri
419,4730,1,2002,2002,0,Eurasian Skylark,Alouette des champs,Passeriformes,Alaudidae,Alauda,arvensis
17,210,1,1997,1997,0,Ancient Murrelet,Guillemot à cou blanc,Charadriiformes,Alcidae,Synthliboramphus,antiquus
14,120,1,2007,2007,0,Tufted Puffin,Macareux huppé,Charadriiformes,Alcidae,Fratercula,cirrhata
355,4206,1,2004,2004,0,unid. Common Nighthawk / Antillean Nighthawk,unid Engoulevent d'Amérique / piramidig,Caprimulgiformes,Caprimulgidae,Chordeiles,minor / gundlachii
11,90,1,2011,2011,0,Arctic Loon,Plongeon arctique,Gaviiformes,Gaviidae,Gavia,arctica
177,2422,1,2023,2023,0,Red-necked Stint,Bécasseau à col roux,Charadriiformes,Scolopacidae,Calidris,ruficollis
254,3271,1,2009,2009,0,Hook-billed Kite,Bec-en-croc de Temminck,Accipitriformes,Accipitridae,Chondrohierax,uncinatus
182,2480,1,2010,2010,0,Sanderling,Bécasseau sanderling,Charadriiformes,Scolopacidae,Calidris,alba
119,1760,1,2012,2012,0,Emperor Goose,Oie empereur,Anseriformes,Anatidae,Anser,canagicus
60,860,1,2005,2005,0,Northern Fulmar,Fulmar boréal,Procellariiformes,Procellariidae,Fulmarus,glacialis
658,7031,1,2002,2002,0,Bahama Mockingbird,Moqueur des Bahamas,Passeriformes,Mimidae,Mimus,gundlachii
710,7539,1,1997,1997,0,unid. Blue-gray / Black-tailed Gnatcatcher,unid Gobemoucheron gris-bleu / à queue noire,Passeriformes,Polioptilidae,Polioptila,caerulea / melanura
731,21930,1,2010,2010,0,Purple Swamphen,Talève sultane,Gruiformes,Rallidae,Porphyrio,porphyrio
